Name,CMC,Type,Color,Set,Collector Number,Rarity,Color Category,Status,Finish,Maybeboard,Image URL,Image Back URL,Tags,Notes,MTGO ID
"Pestilent Syphoner",null,"Creature - Phyrexian Insect",,"one","103",common,b,Not Owned,Non-foil,false,,,"Corruption 1 one","",106421
"Ambulatory Edifice",null,"Artifact Creature - Phyrexian Construct",,"one","79",uncommon,b,Not Owned,Non-foil,false,,,"Corruption 1 one","",106373
"Bonepicker Skirge",null,"Creature - Phyrexian Imp",,"one","436",common,b,Not Owned,Non-foil,false,,,"Corruption 1 one","",
"Testament Bearer",null,"Creature - Phyrexian Warrior",,"one","111",common,b,Not Owned,Non-foil,false,,,"Corruption 1 one","",106437
"Kinzu of the Bleak Coven",null,"Legendary Creature - Phyrexian Vampire",,"one","406",rare,b,Not Owned,Non-foil,false,,,"Corruption 1 one","",106743
"Nimraiser Paladin",null,"Creature - Phyrexian Knight",,"one","101",uncommon,b,Not Owned,Non-foil,false,,,"Corruption 1 one","",106417
"Anoint with Affliction",null,"Instant",,"one","81",common,b,Not Owned,Non-foil,false,,,"Corruption 1 one","",106377
"Annihilating Glare",null,"Sorcery",,"one","80",common,b,Not Owned,Non-foil,false,,,"Corruption 1 one","",106375
"Drown in Ichor",null,"Sorcery",,"one","91",uncommon,b,Not Owned,Non-foil,false,,,"Corruption 1 one","",106397
"Feed the Infection",null,"Sorcery",,"one","93",uncommon,b,Not Owned,Non-foil,false,,,"Corruption 1 one","",106401
"Dross Skullbomb",null,"Artifact",,"one","225",common,b,Not Owned,Non-foil,false,,,"Corruption 1 one","",106665
"Swamp",null,"Basic Land - Swamp",,"one","269",common,l,Not Owned,Non-foil,false,,,"Corruption 1 one","",106185
"Swamp",null,"Basic Land - Swamp",,"one","269",common,l,Not Owned,Non-foil,false,,,"Corruption 1 one","",106185
"Swamp",null,"Basic Land - Swamp",,"one","269",common,l,Not Owned,Non-foil,false,,,"Corruption 1 one","",106185
"Swamp",null,"Basic Land - Swamp",,"one","269",common,l,Not Owned,Non-foil,false,,,"Corruption 1 one","",106185
"Swamp",null,"Basic Land - Swamp",,"one","269",common,l,Not Owned,Non-foil,false,,,"Corruption 1 one","",106185
"Swamp",null,"Basic Land - Swamp",,"one","269",common,l,Not Owned,Non-foil,false,,,"Corruption 1 one","",106185
"Swamp",null,"Basic Land - Swamp",,"one","269",common,l,Not Owned,Non-foil,false,,,"Corruption 1 one","",106185
"The Dross Pits",null,"Land - Sphere",,"one","251",common,l,Not Owned,Non-foil,false,,,"Corruption 1 one","",106717
"Bilious Skulldweller",null,"Creature - Phyrexian Insect",,"one","83",uncommon,b,Not Owned,Non-foil,false,,,"Corruption 2 one","",106381
"Bonepicker Skirge",null,"Creature - Phyrexian Imp",,"one","436",common,b,Not Owned,Non-foil,false,,,"Corruption 2 one","",
"Chittering Skitterling",null,"Creature - Phyrexian Rat",,"one","87",uncommon,b,Not Owned,Non-foil,false,,,"Corruption 2 one","",106389
"Stinging Hivemaster",null,"Creature - Phyrexian Warlock",,"one","110",common,b,Not Owned,Non-foil,false,,,"Corruption 2 one","",106435
"Testament Bearer",null,"Creature - Phyrexian Warrior",,"one","111",common,b,Not Owned,Non-foil,false,,,"Corruption 2 one","",106437
"Kinzu of the Bleak Coven",null,"Legendary Creature - Phyrexian Vampire",,"one","406",rare,b,Not Owned,Non-foil,false,,,"Corruption 2 one","",106743
"Nimraiser Paladin",null,"Creature - Phyrexian Knight",,"one","101",uncommon,b,Not Owned,Non-foil,false,,,"Corruption 2 one","",106417
"Offer Immortality",null,"Instant",,"one","102",common,b,Not Owned,Non-foil,false,,,"Corruption 2 one","",106419
"Vraska's Fall",null,"Instant",,"one","116",common,b,Not Owned,Non-foil,false,,,"Corruption 2 one","",106447
"Infectious Inquiry",null,"Sorcery",,"one","97",common,b,Not Owned,Non-foil,false,,,"Corruption 2 one","",106409
"Necrogen Communion",null,"Enchantment - Aura",,"one","99",uncommon,b,Not Owned,Non-foil,false,,,"Corruption 2 one","",106413
"Swamp",null,"Basic Land - Swamp",,"one","269",common,l,Not Owned,Non-foil,false,,,"Corruption 2 one","",106185
"Swamp",null,"Basic Land - Swamp",,"one","269",common,l,Not Owned,Non-foil,false,,,"Corruption 2 one","",106185
"Swamp",null,"Basic Land - Swamp",,"one","269",common,l,Not Owned,Non-foil,false,,,"Corruption 2 one","",106185
"Swamp",null,"Basic Land - Swamp",,"one","269",common,l,Not Owned,Non-foil,false,,,"Corruption 2 one","",106185
"Swamp",null,"Basic Land - Swamp",,"one","269",common,l,Not Owned,Non-foil,false,,,"Corruption 2 one","",106185
"Swamp",null,"Basic Land - Swamp",,"one","269",common,l,Not Owned,Non-foil,false,,,"Corruption 2 one","",106185
"Swamp",null,"Basic Land - Swamp",,"one","269",common,l,Not Owned,Non-foil,false,,,"Corruption 2 one","",106185
"The Dross Pits",null,"Land - Sphere",,"one","251",common,l,Not Owned,Non-foil,false,,,"Corruption 2 one","",106717
"Sinew Dancer",null,"Creature - Phyrexian Soldier",,"one","286",common,w,Not Owned,Non-foil,false,,,"Mite-y 1 one","",105961
"Bladed Ambassador",null,"Creature - Phyrexian Soldier",,"one","5",uncommon,w,Not Owned,Non-foil,false,,,"Mite-y 1 one","",106225
"Duelist of Deep Faith",null,"Creature - Phyrexian Soldier",,"one","9",common,w,Not Owned,Non-foil,false,,,"Mite-y 1 one","",106233
"Annex Sentry",null,"Artifact Creature - Phyrexian Cleric",,"one","2",uncommon,w,Not Owned,Non-foil,false,,,"Mite-y 1 one","",106219
"Mite Overseer",null,"Creature - Phyrexian Soldier",,"one","404",rare,w,Not Owned,Non-foil,false,,,"Mite-y 1 one","",106739
"Porcelain Zealot",null,"Creature - Phyrexian Soldier",,"one","30",uncommon,w,Not Owned,Non-foil,false,,,"Mite-y 1 one","",106275
"Basilica Shepherd",null,"Creature - Phyrexian Angel",,"one","4",common,w,Not Owned,Non-foil,false,,,"Mite-y 1 one","",106223
"Charge of the Mites",null,"Instant",,"one","6",common,w,Not Owned,Non-foil,false,,,"Mite-y 1 one","",106227
"Vanish into Eternity",null,"Instant",,"one","36",common,w,Not Owned,Non-foil,false,,,"Mite-y 1 one","",106287
"Infested Fleshcutter",null,"Artifact - Equipment",,"one","17",uncommon,w,Not Owned,Non-foil,false,,,"Mite-y 1 one","",106249
"Planar Disruption",null,"Enchantment - Aura",,"one","28",common,w,Not Owned,Non-foil,false,,,"Mite-y 1 one","",106271
"Plains",null,"Basic Land - Plains",,"one","267",common,l,Not Owned,Non-foil,false,,,"Mite-y 1 one","",106181
"Plains",null,"Basic Land - Plains",,"one","267",common,l,Not Owned,Non-foil,false,,,"Mite-y 1 one","",106181
"Plains",null,"Basic Land - Plains",,"one","267",common,l,Not Owned,Non-foil,false,,,"Mite-y 1 one","",106181
"Plains",null,"Basic Land - Plains",,"one","267",common,l,Not Owned,Non-foil,false,,,"Mite-y 1 one","",106181
"Plains",null,"Basic Land - Plains",,"one","267",common,l,Not Owned,Non-foil,false,,,"Mite-y 1 one","",106181
"Plains",null,"Basic Land - Plains",,"one","267",common,l,Not Owned,Non-foil,false,,,"Mite-y 1 one","",106181
"Plains",null,"Basic Land - Plains",,"one","267",common,l,Not Owned,Non-foil,false,,,"Mite-y 1 one","",106181
"The Fair Basilica",null,"Land - Sphere",,"one","252",common,l,Not Owned,Non-foil,false,,,"Mite-y 1 one","",106719
"Crawling Chorus",null,"Creature - Phyrexian Horror",,"one","8",common,w,Not Owned,Non-foil,false,,,"Mite-y 2 one","",106231
"Bladed Ambassador",null,"Creature - Phyrexian Soldier",,"one","5",uncommon,w,Not Owned,Non-foil,false,,,"Mite-y 2 one","",106225
"Duelist of Deep Faith",null,"Creature - Phyrexian Soldier",,"one","9",common,w,Not Owned,Non-foil,false,,,"Mite-y 2 one","",106233
"Mandible Justiciar",null,"Artifact Creature - Phyrexian Cleric",,"one","21",common,w,Not Owned,Non-foil,false,,,"Mite-y 2 one","",106257
"Mite Overseer",null,"Creature - Phyrexian Soldier",,"one","404",rare,w,Not Owned,Non-foil,false,,,"Mite-y 2 one","",106739
"Porcelain Zealot",null,"Creature - Phyrexian Soldier",,"one","30",uncommon,w,Not Owned,Non-foil,false,,,"Mite-y 2 one","",106275
"Apostle of Invasion",null,"Creature - Phyrexian Angel",,"one","3",uncommon,w,Not Owned,Non-foil,false,,,"Mite-y 2 one","",106221
"Compleat Devotion",null,"Instant",,"one","7",common,w,Not Owned,Non-foil,false,,,"Mite-y 2 one","",106229
"Vanish into Eternity",null,"Instant",,"one","36",common,w,Not Owned,Non-foil,false,,,"Mite-y 2 one","",106287
"Zealot's Conviction",null,"Enchantment - Aura",,"one","39",common,w,Not Owned,Non-foil,false,,,"Mite-y 2 one","",106293
"Ossification",null,"Enchantment - Aura",,"one","26",uncommon,w,Not Owned,Non-foil,false,,,"Mite-y 2 one","",106267
"Plains",null,"Basic Land - Plains",,"one","267",common,l,Not Owned,Non-foil,false,,,"Mite-y 2 one","",106181
"Plains",null,"Basic Land - Plains",,"one","267",common,l,Not Owned,Non-foil,false,,,"Mite-y 2 one","",106181
"Plains",null,"Basic Land - Plains",,"one","267",common,l,Not Owned,Non-foil,false,,,"Mite-y 2 one","",106181
"Plains",null,"Basic Land - Plains",,"one","267",common,l,Not Owned,Non-foil,false,,,"Mite-y 2 one","",106181
"Plains",null,"Basic Land - Plains",,"one","267",common,l,Not Owned,Non-foil,false,,,"Mite-y 2 one","",106181
"Plains",null,"Basic Land - Plains",,"one","267",common,l,Not Owned,Non-foil,false,,,"Mite-y 2 one","",106181
"Plains",null,"Basic Land - Plains",,"one","267",common,l,Not Owned,Non-foil,false,,,"Mite-y 2 one","",106181
"The Fair Basilica",null,"Land - Sphere",,"one","252",common,l,Not Owned,Non-foil,false,,,"Mite-y 2 one","",106719
"Glistener Seer",null,"Creature - Phyrexian Advisor",,"one","54",common,u,Not Owned,Non-foil,false,,,"Progress 1 one","",106323
"Ichor Synthesizer",null,"Creature - Phyrexian Wizard",,"one","55",common,u,Not Owned,Non-foil,false,,,"Progress 1 one","",106325
"Thrummingbird",null,"Creature - Phyrexian Bird Horror",,"one","432",uncommon,u,Not Owned,Non-foil,false,,,"Progress 1 one","",
"Chrome Prowler",null,"Artifact Creature - Phyrexian Cat",,"one","45",common,u,Not Owned,Non-foil,false,,,"Progress 1 one","",106305
"Meldweb Curator",null,"Creature - Phyrexian Wizard",,"one","59",common,u,Not Owned,Non-foil,false,,,"Progress 1 one","",106333
"Quicksilver Fisher",null,"Creature - Phyrexian Drake",,"one","430",common,u,Not Owned,Non-foil,false,,,"Progress 1 one","",
"Serum Sovereign",null,"Creature - Phyrexian Sphinx",,"one","410",rare,u,Not Owned,Non-foil,false,,,"Progress 1 one","",106065
"Serum Snare",null,"Instant",,"one","68",uncommon,u,Not Owned,Non-foil,false,,,"Progress 1 one","",106351
"Distorted Curiosity",null,"Sorcery",,"one","46",uncommon,u,Not Owned,Non-foil,false,,,"Progress 1 one","",106307
"Tamiyo's Immobilizer",null,"Artifact",,"one","69",uncommon,u,Not Owned,Non-foil,false,,,"Progress 1 one","",106353
"Mesmerizing Dose",null,"Enchantment - Aura",,"one","62",common,u,Not Owned,Non-foil,false,,,"Progress 1 one","",106339
"Island",null,"Basic Land - Island",,"one","366",common,l,Not Owned,Non-foil,false,,,"Progress 1 one","",106075
"Island",null,"Basic Land - Island",,"one","366",common,l,Not Owned,Non-foil,false,,,"Progress 1 one","",106075
"Island",null,"Basic Land - Island",,"one","366",common,l,Not Owned,Non-foil,false,,,"Progress 1 one","",106075
"Island",null,"Basic Land - Island",,"one","366",common,l,Not Owned,Non-foil,false,,,"Progress 1 one","",106075
"Island",null,"Basic Land - Island",,"one","366",common,l,Not Owned,Non-foil,false,,,"Progress 1 one","",106075
"Island",null,"Basic Land - Island",,"one","366",common,l,Not Owned,Non-foil,false,,,"Progress 1 one","",106075
"Island",null,"Basic Land - Island",,"one","366",common,l,Not Owned,Non-foil,false,,,"Progress 1 one","",106075
"The Surgical Bay",null,"Land - Sphere",,"one","260",common,l,Not Owned,Non-foil,false,,,"Progress 1 one","",106735
"Atmosphere Surgeon",null,"Creature - Phyrexian Wizard",,"one","41",uncommon,u,Not Owned,Non-foil,false,,,"Progress 2 one","",106297
"Thrummingbird",null,"Creature - Phyrexian Bird Horror",,"one","432",uncommon,u,Not Owned,Non-foil,false,,,"Progress 2 one","",
"Chrome Prowler",null,"Artifact Creature - Phyrexian Cat",,"one","45",common,u,Not Owned,Non-foil,false,,,"Progress 2 one","",106305
"Myr Custodian",null,"Artifact Creature - Myr",,"one","235",common,c,Not Owned,Non-foil,false,,,"Progress 2 one","",106685
"Trawler Drake",null,"Creature - Phyrexian Drake",,"one","74",uncommon,u,Not Owned,Non-foil,false,,,"Progress 2 one","",106363
"Serum Sovereign",null,"Creature - Phyrexian Sphinx",,"one","410",rare,u,Not Owned,Non-foil,false,,,"Progress 2 one","",106065
"Bring the Ending",null,"Instant",,"one","44",common,u,Not Owned,Non-foil,false,,,"Progress 2 one","",106303
"Experimental Augury",null,"Instant",,"one","278",common,u,Not Owned,Non-foil,false,,,"Progress 2 one","",
"Distorted Curiosity",null,"Sorcery",,"one","46",uncommon,u,Not Owned,Non-foil,false,,,"Progress 2 one","",106307
"Surgical Skullbomb",null,"Artifact",,"one","243",common,u,Not Owned,Non-foil,false,,,"Progress 2 one","",106701
"Mesmerizing Dose",null,"Enchantment - Aura",,"one","62",common,u,Not Owned,Non-foil,false,,,"Progress 2 one","",106339
"Island",null,"Basic Land - Island",,"one","366",common,l,Not Owned,Non-foil,false,,,"Progress 2 one","",106075
"Island",null,"Basic Land - Island",,"one","366",common,l,Not Owned,Non-foil,false,,,"Progress 2 one","",106075
"Island",null,"Basic Land - Island",,"one","366",common,l,Not Owned,Non-foil,false,,,"Progress 2 one","",106075
"Island",null,"Basic Land - Island",,"one","366",common,l,Not Owned,Non-foil,false,,,"Progress 2 one","",106075
"Island",null,"Basic Land - Island",,"one","366",common,l,Not Owned,Non-foil,false,,,"Progress 2 one","",106075
"Island",null,"Basic Land - Island",,"one","366",common,l,Not Owned,Non-foil,false,,,"Progress 2 one","",106075
"Island",null,"Basic Land - Island",,"one","366",common,l,Not Owned,Non-foil,false,,,"Progress 2 one","",106075
"The Surgical Bay",null,"Land - Sphere",,"one","260",common,l,Not Owned,Non-foil,false,,,"Progress 2 one","",106735
"Furnace Punisher",null,"Creature - Phyrexian Warrior",,"one","132",uncommon,r,Not Owned,Non-foil,false,,,"Rebellious 1 one","",106479
"Rhuk, Hexgold Nabber",null,"Legendary Creature - Goblin Rebel",,"one","412",rare,r,Not Owned,Non-foil,false,,,"Rebellious 1 one","",106069
"Chimney Rabble",null,"Creature - Phyrexian Goblin Warrior",,"one","126",common,r,Not Owned,Non-foil,false,,,"Rebellious 1 one","",106467
"Furnace Strider",null,"Creature - Phyrexian Beast",,"one","133",common,r,Not Owned,Non-foil,false,,,"Rebellious 1 one","",106481
"Resistance Skywarden",null,"Creature - Ogre Rebel",,"one","146",uncommon,r,Not Owned,Non-foil,false,,,"Rebellious 1 one","",106507
"Free from Flesh",null,"Instant",,"one","131",common,r,Not Owned,Non-foil,false,,,"Rebellious 1 one","",106477
"Rebel Salvo",null,"Instant",,"one","144",uncommon,r,Not Owned,Non-foil,false,,,"Rebellious 1 one","",106503
"Volt Charge",null,"Instant",,"one","155",common,r,Not Owned,Non-foil,false,,,"Rebellious 1 one","",106525
"Barbed Batterfist",null,"Artifact - Equipment",,"one","121",common,r,Not Owned,Non-foil,false,,,"Rebellious 1 one","",106457
"Hexgold Halberd",null,"Artifact - Equipment",,"one","136",uncommon,r,Not Owned,Non-foil,false,,,"Rebellious 1 one","",106487
"Vulshok Splitter",null,"Artifact - Equipment",,"one","156",common,r,Not Owned,Non-foil,false,,,"Rebellious 1 one","",106527
"Mountain",null,"Basic Land - Mountain",,"one","270",common,l,Not Owned,Non-foil,false,,,"Rebellious 1 one","",106187
"Mountain",null,"Basic Land - Mountain",,"one","270",common,l,Not Owned,Non-foil,false,,,"Rebellious 1 one","",106187
"Mountain",null,"Basic Land - Mountain",,"one","270",common,l,Not Owned,Non-foil,false,,,"Rebellious 1 one","",106187
"Mountain",null,"Basic Land - Mountain",,"one","270",common,l,Not Owned,Non-foil,false,,,"Rebellious 1 one","",106187
"Mountain",null,"Basic Land - Mountain",,"one","270",common,l,Not Owned,Non-foil,false,,,"Rebellious 1 one","",106187
"Mountain",null,"Basic Land - Mountain",,"one","270",common,l,Not Owned,Non-foil,false,,,"Rebellious 1 one","",106187
"Mountain",null,"Basic Land - Mountain",,"one","270",common,l,Not Owned,Non-foil,false,,,"Rebellious 1 one","",106187
"The Autonomous Furnace",null,"Land - Sphere",,"one","247",common,l,Not Owned,Non-foil,false,,,"Rebellious 1 one","",106709
"Bladegraft Aspirant",null,"Creature - Phyrexian Warrior",,"one","122",common,r,Not Owned,Non-foil,false,,,"Rebellious 2 one","",106459
"Furnace Punisher",null,"Creature - Phyrexian Warrior",,"one","132",uncommon,r,Not Owned,Non-foil,false,,,"Rebellious 2 one","",106479
"Rhuk, Hexgold Nabber",null,"Legendary Creature - Goblin Rebel",,"one","412",rare,r,Not Owned,Non-foil,false,,,"Rebellious 2 one","",106069
"Oxidda Finisher",null,"Creature - Ogre Rebel",,"one","143",uncommon,r,Not Owned,Non-foil,false,,,"Rebellious 2 one","",106501
"Hexgold Slash",null,"Instant",,"one","137",common,r,Not Owned,Non-foil,false,,,"Rebellious 2 one","",106489
"Blazing Crescendo",null,"Instant",,"one","123",common,r,Not Owned,Non-foil,false,,,"Rebellious 2 one","",106461
"Molten Rebuke",null,"Sorcery",,"one","141",common,r,Not Owned,Non-foil,false,,,"Rebellious 2 one","",106497
"Prosthetic Injector",null,"Artifact - Equipment",,"one","239",uncommon,c,Not Owned,Non-foil,false,,,"Rebellious 2 one","",106693
"Barbed Batterfist",null,"Artifact - Equipment",,"one","121",common,r,Not Owned,Non-foil,false,,,"Rebellious 2 one","",106457
"Hexgold Halberd",null,"Artifact - Equipment",,"one","136",uncommon,r,Not Owned,Non-foil,false,,,"Rebellious 2 one","",106487
"Vulshok Splitter",null,"Artifact - Equipment",,"one","156",common,r,Not Owned,Non-foil,false,,,"Rebellious 2 one","",106527
"Mountain",null,"Basic Land - Mountain",,"one","270",common,l,Not Owned,Non-foil,false,,,"Rebellious 2 one","",106187
"Mountain",null,"Basic Land - Mountain",,"one","270",common,l,Not Owned,Non-foil,false,,,"Rebellious 2 one","",106187
"Mountain",null,"Basic Land - Mountain",,"one","270",common,l,Not Owned,Non-foil,false,,,"Rebellious 2 one","",106187
"Mountain",null,"Basic Land - Mountain",,"one","270",common,l,Not Owned,Non-foil,false,,,"Rebellious 2 one","",106187
"Mountain",null,"Basic Land - Mountain",,"one","270",common,l,Not Owned,Non-foil,false,,,"Rebellious 2 one","",106187
"Mountain",null,"Basic Land - Mountain",,"one","270",common,l,Not Owned,Non-foil,false,,,"Rebellious 2 one","",106187
"Mountain",null,"Basic Land - Mountain",,"one","270",common,l,Not Owned,Non-foil,false,,,"Rebellious 2 one","",106187
"The Autonomous Furnace",null,"Land - Sphere",,"one","247",common,l,Not Owned,Non-foil,false,,,"Rebellious 2 one","",106709
"Branchblight Stalker",null,"Creature - Phyrexian Elf Scout",,"one","160",common,g,Not Owned,Non-foil,false,,,"Toxic 1 one","",106535
"Cankerbloom",null,"Creature - Phyrexian Fungus",,"one","294",uncommon,g,Not Owned,Non-foil,false,,,"Toxic 1 one","",105977
"Copper Longlegs",null,"Creature - Phyrexian Spider",,"one","165",common,g,Not Owned,Non-foil,false,,,"Toxic 1 one","",106545
"Contagious Vorrac",null,"Creature - Phyrexian Boar Beast",,"one","164",common,g,Not Owned,Non-foil,false,,,"Toxic 1 one","",106543
"Ichorspit Basilisk",null,"Creature - Phyrexian Basilisk",,"one","170",common,g,Not Owned,Non-foil,false,,,"Toxic 1 one","",106555
"Venomous Brutalizer",null,"Creature - Phyrexian Knight",,"one","193",uncommon,g,Not Owned,Non-foil,false,,,"Toxic 1 one","",106601
"Paladin of Predation",null,"Creature - Phyrexian Knight",,"one","178",uncommon,g,Not Owned,Non-foil,false,,,"Toxic 1 one","",106571
"Infectious Bite",null,"Instant",,"one","172",uncommon,g,Not Owned,Non-foil,false,,,"Toxic 1 one","",106559
"Titanic Growth",null,"Instant",,"one","187",common,g,Not Owned,Non-foil,false,,,"Toxic 1 one","",106589
"Phyrexian Atlas",null,"Artifact",,"one","237",common,c,Not Owned,Non-foil,false,,,"Toxic 1 one","",106689
"Goliath Hatchery",null,"Enchantment",,"one","413",rare,g,Not Owned,Non-foil,false,,,"Toxic 1 one","",106071
"Forest",null,"Basic Land - Forest",,"one","266",common,l,Not Owned,Non-foil,false,,,"Toxic 1 one","",106767
"Forest",null,"Basic Land - Forest",,"one","266",common,l,Not Owned,Non-foil,false,,,"Toxic 1 one","",106767
"Forest",null,"Basic Land - Forest",,"one","266",common,l,Not Owned,Non-foil,false,,,"Toxic 1 one","",106767
"Forest",null,"Basic Land - Forest",,"one","266",common,l,Not Owned,Non-foil,false,,,"Toxic 1 one","",106767
"Forest",null,"Basic Land - Forest",,"one","266",common,l,Not Owned,Non-foil,false,,,"Toxic 1 one","",106767
"Forest",null,"Basic Land - Forest",,"one","266",common,l,Not Owned,Non-foil,false,,,"Toxic 1 one","",106767
"Forest",null,"Basic Land - Forest",,"one","266",common,l,Not Owned,Non-foil,false,,,"Toxic 1 one","",106767
"The Hunter Maze",null,"Land - Sphere",,"one","253",common,l,Not Owned,Non-foil,false,,,"Toxic 1 one","",106721
"Rustvine Cultivator",null,"Creature - Phyrexian Elf Druid",,"one","455",common,g,Not Owned,Non-foil,false,,,"Toxic 2 one","",
"Branchblight Stalker",null,"Creature - Phyrexian Elf Scout",,"one","160",common,g,Not Owned,Non-foil,false,,,"Toxic 2 one","",106535
"Cankerbloom",null,"Creature - Phyrexian Fungus",,"one","294",uncommon,g,Not Owned,Non-foil,false,,,"Toxic 2 one","",105977
"Contagious Vorrac",null,"Creature - Phyrexian Boar Beast",,"one","164",common,g,Not Owned,Non-foil,false,,,"Toxic 2 one","",106543
"Lattice-Blade Mantis",null,"Creature - Phyrexian Insect",,"one","173",common,g,Not Owned,Non-foil,false,,,"Toxic 2 one","",106561
"Paladin of Predation",null,"Creature - Phyrexian Knight",,"one","178",uncommon,g,Not Owned,Non-foil,false,,,"Toxic 2 one","",106571
"Tyvar's Stand",null,"Instant",,"one","190",uncommon,g,Not Owned,Non-foil,false,,,"Toxic 2 one","",106595
"Ruthless Predation",null,"Sorcery",,"one","182",common,g,Not Owned,Non-foil,false,,,"Toxic 2 one","",106579
"Viral Spawning",null,"Sorcery",,"one","194",uncommon,g,Not Owned,Non-foil,false,,,"Toxic 2 one","",106603
"Maze's Mantle",null,"Enchantment - Aura",,"one","174",common,g,Not Owned,Non-foil,false,,,"Toxic 2 one","",106563
"Goliath Hatchery",null,"Enchantment",,"one","413",rare,g,Not Owned,Non-foil,false,,,"Toxic 2 one","",106071
"Forest",null,"Basic Land - Forest",,"one","266",common,l,Not Owned,Non-foil,false,,,"Toxic 2 one","",106767
"Forest",null,"Basic Land - Forest",,"one","266",common,l,Not Owned,Non-foil,false,,,"Toxic 2 one","",106767
"Forest",null,"Basic Land - Forest",,"one","266",common,l,Not Owned,Non-foil,false,,,"Toxic 2 one","",106767
"Forest",null,"Basic Land - Forest",,"one","266",common,l,Not Owned,Non-foil,false,,,"Toxic 2 one","",106767
"Forest",null,"Basic Land - Forest",,"one","266",common,l,Not Owned,Non-foil,false,,,"Toxic 2 one","",106767
"Forest",null,"Basic Land - Forest",,"one","266",common,l,Not Owned,Non-foil,false,,,"Toxic 2 one","",106767
"Forest",null,"Basic Land - Forest",,"one","266",common,l,Not Owned,Non-foil,false,,,"Toxic 2 one","",106767
"The Hunter Maze",null,"Land - Sphere",,"one","253",common,l,Not Owned,Non-foil,false,,,"Toxic 2 one","",106721
